modelo,n_features,accuracy,precision,recall,f1
Bayes_Todas,20,0.8757575757575757,0.8901099923301522,0.8757575757575757,0.8775153958463182
Arbol_Todas,20,0.8787878787878788,0.880046893543009,0.8787878787878788,0.8788076268095986
Bayes_Top_IM,5,0.8666666666666667,0.8920965704847955,0.8666666666666667,0.8696097335007802
Arbol_Top_IM,5,0.8696969696969697,0.8696413678065056,0.8696969696969697,0.8696209570451994
