modelo,n_features,accuracy,precision,recall,f1
Bayes_Todas,20,0.8787878787878788,0.8937062841742962,0.8787878787878788,0.8804616588224449
Arbol_Todas,20,0.8696969696969697,0.8698033873081268,0.8696969696969697,0.869668193161151
Bayes_Top_IM,5,0.8757575757575757,0.9003148653542126,0.8757575757575757,0.8781400519853885
Arbol_Top_IM,5,0.8818181818181818,0.8828492960568433,0.8818181818181818,0.8820371017441028
