HRV_MeanNN,HRV_SDNN,HRV_RMSSD,EDA_SCR_count,EDA_Phasic_AUC,Clase
0.6486114974313176,0.9871802877699635,0.9912280974305264,0.8472000266159746,0.8837154507133449,0
0.6988790527452547,0.6316859245248884,0.9591051360897905,1.232970106078562,1.497733294676252,1
