Time,EDA_SCR_count,EDA_Phasic_AUC,EDA_Tonic_Mean,HRV_RMSSD,HRV_SDNN,HRV_MeanNN,HRV_LF,HRV_HF,HRV_LFHF,Clase
2189.234693877551,-0.03852068755220759,-0.09596117372763521,-0.07413077004900862,0.096202645907012,0.09947306525962649,0.29740994545602323,-0.014389180030603847,0.007807661902554599,0.00020151661637282631,0
2963.3684210526317,0.490311701763354,0.37951691948465577,0.29340179376315423,-0.4250328589123709,-0.472669253778164,-1.1601386011453125,-0.13780245873910288,-0.012354418744319735,-0.15618614305283487,1
