HRV_MeanNN,HRV_SDNN,HRV_RMSSD,Time,EDA_SCR_count,Clase
0.29740994545602323,0.09947306525962649,0.096202645907012,2189.234693877551,-0.03852068755220759,0
-1.1601386011453125,-0.472669253778164,-0.4250328589123709,2963.3684210526317,0.490311701763354,1
