Clase,Prior
0,0.8049281314168378
1,0.19507186858316222
