EDA_SCR_count,EDA_Phasic_AUC,EDA_Tonic_Mean,HRV_RMSSD,HRV_SDNN,HRV_MeanNN,HRV_LF,HRV_HF,HRV_LFHF,Clase
0.8472000266172246,0.8837154507145949,0.9538493277858952,0.9912280974317764,0.9871802877712135,0.6486114974325676,0.9236086464360825,0.9761296801391566,1.0841335408107682,0
1.232970106079812,1.497733294677502,1.2879942191400429,0.9591051360910405,0.6316859245261384,0.6988790527465047,1.139331142695961,1.033375409116194,0.6265394176665279,1
