HRV_MeanNN,HRV_SDNN,HRV_RMSSD,EDA_SCR_count,EDA_Phasic_AUC,Clase
0.29740994545602323,0.09947306525962649,0.096202645907012,-0.03852068755220759,-0.09596117372763521,0
-1.1601386011453125,-0.472669253778164,-0.4250328589123709,0.490311701763354,0.37951691948465577,1
