modelo,n_features,accuracy,precision,recall,f1
T1_NB_todas,10,0.937799043062201,0.9395730311049334,0.937799043062201,0.9339665532041996
T1_Arbol_todas,10,0.9425837320574163,0.9475494021966585,0.9425837320574163,0.9440191387559808
T2_NB_top5,5,0.9234449760765551,0.9239509431886926,0.9234449760765551,0.9182030310886934
T2_Arbol_top5,5,0.9186602870813397,0.9235004932734853,0.9186602870813397,0.9203832868688309
