modelo,n_features,accuracy,precision,recall,f1
T1_NB_todas,9,0.8899521531100478,0.8850305698953563,0.8899521531100478,0.8816349286866555
T1_Arbol_todas,9,0.9521531100478469,0.9521531100478469,0.9521531100478469,0.9521531100478469
T2_NB_top5,5,0.8708133971291866,0.8630813599870246,0.8708133971291866,0.8645348820641132
T2_Arbol_top5,5,0.9569377990430622,0.9573928015465993,0.9569377990430622,0.9571329379504735
